"","chr","start","end","strand","pvalue","qvalue","meth.diff"
"13338","CHRFL002",449001,450000,"*",1.61507301407288e-05,0.00535058693014512,-100
"31203","CHRFL005",36001,37000,"*",2.44157894440023e-07,0.000405222918426295,25.5813953488372
"37312","CHRFL005",3203501,3204500,"*",1.13725879787951e-06,0.00101212736608963,42.3076923076923
"39481","CHRFL005",4297001,4298000,"*",1.93960727436614e-07,0.000350315892659636,-80
"39482","CHRFL005",4297501,4298500,"*",1.79075197223474e-06,0.00131696403725738,-80
"49882","CHRFL006",4747501,4748500,"*",2.48931644087341e-08,7.64319720005771e-05,-83.3333333333333
"49883","CHRFL006",4748001,4749000,"*",6.75123274649043e-07,0.00076301318106337,-40
"73873","CHRFL010",184001,185000,"*",1.80475691452722e-06,0.00131936324532485,26.3157894736842
"73874","CHRFL010",184501,185500,"*",8.50729428704547e-07,0.00086349740095684,29.4117647058824
"78750","CHRFL010",2658501,2659500,"*",2.03041502670426e-08,6.56230136630816e-05,-34.8717948717949
"120355","CHRFL016",278001,279000,"*",4.70162841362706e-10,3.84956796832014e-06,-100
