"","chr","start","end","strand","pvalue","qvalue","meth.diff"
"30519","CHRFL005",36001,37000,"*",2.44157894440023e-07,0.000401749779348515,25.5813953488372
"36529","CHRFL005",3203501,3204500,"*",1.13725879787951e-06,0.000998966417893753,42.3076923076923
"72311","CHRFL010",184001,185000,"*",1.80475691452722e-06,0.00130150824724365,26.3157894736842
"72312","CHRFL010",184501,185500,"*",8.50729428704547e-07,0.000856794542821259,29.4117647058824
"77105","CHRFL010",2658501,2659500,"*",2.03041502670426e-08,6.41100800877779e-05,-34.8717948717949
