"","chr","start","end","strand","pvalue","qvalue","meth.diff"
"38587","CHRFL010",3222001,3223000,"*",1.54549976675728e-16,5.7072215386813e-13,26.3157894736842
"42482","CHRFL012",640001,641000,"*",1.741363291623e-18,8.03813295413178e-15,26.0714285714286
"42483","CHRFL012",640501,641500,"*",1.03873722859384e-19,6.39308139625224e-16,31.5713263899792
