"","chr","start","end","strand","pvalue","qvalue","meth.diff"
"14771","CHRFL005",36001,37000,"*",2.44157894440023e-07,0.000219872322539722,25.5813953488372
"17644","CHRFL005",3203501,3204500,"*",1.13725879787951e-06,0.000548646137205585,42.3076923076923
"34782","CHRFL010",184001,185000,"*",1.80475691452722e-06,0.000722330560042479,26.3157894736842
"34783","CHRFL010",184501,185500,"*",8.50729428704547e-07,0.000478818880122542,29.4117647058824
