"","chr","start","end","strand","pvalue","qvalue","meth.diff"
"17379","CHRFL002",2649501,2650500,"*",1.63312689848324e-06,0.00161254893482983,-50
"34622","CHRFL005",2196501,2197500,"*",8.70600745465362e-09,4.24708063662852e-05,-35.6818181818182
"57886","CHRFL008",531001,532000,"*",6.69233822721068e-16,2.57551126492041e-11,-27.7341482047364
"91012","CHRFL012",4386001,4387000,"*",1.33314865368906e-05,0.00557446587049696,-25.6410256410256
"92645","CHRFL012",5631501,5632500,"*",1.01767544009601e-09,7.17751759888875e-06,-76.9230769230769
"113341","CHRFL015",329001,330000,"*",3.26508256213976e-06,0.00237438426320076,64.2857142857143
