"","chr","start","end","strand","pvalue","qvalue","meth.diff"
"27855","CHRFL008",531001,532000,"*",6.69233822721068e-16,1.19039303544502e-11,-27.7341482047364
"43410","CHRFL012",4386001,4387000,"*",1.33314865368906e-05,0.00339936717054047,-25.6410256410256
"52555","CHRFL015",329001,330000,"*",3.26508256213976e-06,0.00144825145711173,64.2857142857143
